{
    "displayName": "Uptime Check Policy",
    "combiner": "OR",
    "enabled": true,
    "conditions": [
        {
            "displayName": "Uptime Condition",
            "conditionAbsent": {
                "filter": "resource.type=\"gce_instance\" AND metric.type=\"monitoring.googleapis.com/uptime_check/check_passed\" AND metric.label.check_id=\"\" AND group.id=\"1137498046569553333\"",
                "duration": "300s",
                "aggregations": [
                    {
                        "alignmentPeriod": "300s"
                    }
                ]
            }
        }
    ]
}
